image,prompt_used,sam3_candidate_count,sam3_selected_score,sam3_text_iou,sam3_refined_iou,neighbor_candidate_count,fallback_reason,center_selection_score
W23010301W13.jpg,blueberry bush,1,0.7769,0.816,0.8574,0,,0.566
W23010301W14.jpg,blueberry bush,1,0.7141,0.7982,0.837,0,,0.5604
W23010301W15.jpg,blueberry bush,1,0.7836,0.9534,0.9264,0,,0.5562
W23010415W13.jpg,blueberry bush,1,0.7914,0.9732,0.9114,0,,0.5606
W23010415W14.jpg,blueberry bush,1,0.8484,0.9603,0.9483,0,,0.5738
W23010415W15.jpg,blueberry bush,1,0.865,0.9519,0.8761,0,,0.5697
W23010504W13.jpg,blueberry bush,1,0.6264,0.9359,0.9054,0,,0.5269
W23010504W14.jpg,blueberry bush,1,0.8215,0.813,0.8377,0,,0.5741
W23010504W15.jpg,blueberry bush,1,0.7848,0.8953,0.9096,0,,0.5612
W23010507W13.jpg,blueberry bush,1,0.8427,0.8633,0.8609,0,,0.5872
W23010507W14.jpg,blueberry bush,1,0.8475,0.9535,0.9333,0,,0.5756
W23010507W15.jpg,blueberry bush,1,0.8608,0.9559,0.8731,0,,0.5788
W23010508W13.jpg,blueberry bush,1,0.614,0.8532,0.8403,0,,0.5505
W23010508W14.jpg,blueberry bush,1,0.6971,0.9124,0.8056,0,,0.5858
W23010508W15.jpg,blueberry bush,1,0.6969,0.8867,0.8063,0,,0.5768
W23010509W13.jpg,blueberry bush,1,0.4506,0.7344,0.7738,0,,0.5017
W23010509W14.jpg,blueberry bush,1,0.4144,0.7979,0.8058,0,,0.5064
W23010509W15.jpg,blueberry bush,1,0.7335,0.8423,0.8194,0,,0.5995
W23010511W13.jpg,blueberry bush,1,0.7758,0.9364,0.9074,0,,0.5787
W23010511W14.jpg,blueberry bush,1,0.8222,0.97,0.8865,0,,0.5905
W23010511W15.jpg,blueberry bush,1,0.867,0.9619,0.8581,0,,0.5867
W23010601W13.jpg,blueberry bush,1,0.8304,0.9506,0.8999,0,,0.5801
W23010601W14.jpg,blueberry bush,1,0.7314,0.8716,0.8707,0,,0.6041
W23010601W15.jpg,blueberry bush,1,0.8787,0.8213,0.8429,0,,0.6444
W23010602W13.jpg,blueberry bush,3,0.4615,1.0,0.8098,2,refine_lost_seed,0.2797
W23010602W14.jpg,blueberry bush,3,0.7303,0.8178,0.8692,2,,0.6073
W23010602W15.jpg,blueberry bush,3,0.4896,0.9459,0.9275,2,,0.5165
W23010604W13.jpg,blueberry bush,1,0.735,0.7572,0.8427,0,,0.6012
W23010604W14.jpg,blueberry bush,1,0.7917,0.8581,0.8654,0,,0.6426
W23010604W15.jpg,blueberry bush,1,0.8716,0.772,0.7997,0,,0.6452
W23010605W13.jpg,blueberry bush,1,0.6979,0.7971,0.839,0,,0.5864
W23010605W14.jpg,blueberry bush,1,0.7989,0.8165,0.8419,0,,0.621
W23010605W15.jpg,blueberry bush,1,0.8884,0.907,0.8839,0,,0.6243
W23010606W13.jpg,blueberry bush,1,0.7402,0.7962,0.8569,0,,0.5638
W23010606W14.jpg,blueberry bush,1,0.8319,0.8401,0.8751,0,,0.5901
W23010606W15.jpg,blueberry bush,1,0.9155,0.8327,0.8786,0,,0.5964
W23010608W13.jpg,blueberry bush,2,0.5676,0.8694,0.8797,1,,0.5609
W23010608W14.jpg,blueberry bush,3,0.7059,0.92,0.8879,2,,0.6138
W23010608W15.jpg,blueberry bush,3,0.7567,0.8412,0.9217,2,,0.6247
W23010609W13.jpg,blueberry bush,1,0.7434,0.9202,0.9175,0,,0.5969
W23010609W14.jpg,blueberry bush,1,0.886,0.9605,0.9461,0,,0.6494
W23010609W15.jpg,blueberry bush,1,0.9326,0.7958,0.8098,0,,0.6563
W23010612W13.jpg,blueberry bush,1,0.6212,0.8115,0.8432,0,,0.5574
W23010612W14.jpg,blueberry bush,1,0.7688,0.8235,0.8353,0,,0.5941
W23010612W15.jpg,blueberry bush,1,0.8686,0.877,0.8566,0,,0.5983
W23010613W13.jpg,blueberry bush,1,0.739,0.7403,0.814,0,,0.5837
W23010613W14.jpg,blueberry bush,1,0.8333,0.8733,0.8648,0,,0.6007
W23010613W15.jpg,blueberry bush,1,0.8741,0.9418,0.9009,0,,0.5981
W23010614W13.jpg,blueberry bush,1,0.4325,0.8351,0.8289,0,,0.5356
W23010614W14.jpg,blueberry bush,1,0.7852,0.9288,0.8505,0,,0.5936
W23010614W15.jpg,blueberry bush,1,0.8097,0.9445,0.9194,0,,0.6021
W23010615W13.jpg,blueberry plant,4,0.5816,0.891,0.6999,3,,0.6121
W23010615W14.jpg,blueberry plant,5,0.5501,0.8449,0.8032,4,,0.6068
W23010615W15.jpg,blueberry bush,2,0.4708,0.7969,0.8469,1,,0.5104
W23010701W13.jpg,blueberry plant,1,0.6544,0.8305,0.7621,0,,0.6612
W23010701W14.jpg,blueberry bush,1,0.4195,0.7851,0.8008,0,,0.6101
W23010701W15.jpg,blueberry bush,1,0.4735,0.8192,0.8197,0,,0.5487
W23010703W13.jpg,blueberry plant,3,0.6815,0.738,0.649,2,,0.4428
W23010703W14.jpg,blueberry bush,2,0.6999,0.8208,0.8304,1,,0.3817
W23010703W15.jpg,blueberry bush,1,0.665,0.8237,0.8096,0,,0.5996
W23010705W13.jpg,blueberry plant,5,0.4949,1.0,0.8219,4,refine_lost_seed,0.3159
W23010705W14.jpg,blueberry bush,1,0.6351,0.9426,0.8802,0,,0.5423
W23010705W15.jpg,blueberry bush,3,0.3814,0.9679,0.9339,2,,0.3792
W23010707W13.jpg,blueberry plant,2,0.6722,1.0,0.8493,1,refine_lost_seed,0.4103
W23010707W14.jpg,blueberry bush,2,0.5075,1.0,0.8492,1,refine_lost_seed,0.3969
W23010707W15.jpg,blueberry bush,1,0.541,0.9204,0.8886,0,,0.6408
W23010710W13.jpg,blueberry bush,1,0.5028,0.9748,0.9247,0,,0.6234
W23010710W14.jpg,blueberry bush,1,0.8067,0.9483,0.9228,0,,0.7398
W23010710W15.jpg,blueberry bush,1,0.779,0.9055,0.8749,0,,0.6356
W23010711W13.jpg,blueberry plant,2,0.6063,0.4195,0.6805,1,,0.3854
W23010711W14.jpg,blueberry plant,3,0.5659,0.8752,0.8258,2,,0.3961
W23010711W15.jpg,blueberry bush,4,0.4882,0.7935,0.7748,3,,0.6018
W23010902W13.jpg,blueberry plant,3,0.7351,0.7136,0.7982,2,,0.6911
W23010902W14.jpg,blueberry bush,3,0.6403,0.8635,0.8044,2,,0.5891
W23010902W15.jpg,blueberry bush,2,0.7664,0.9535,0.9486,1,,0.6177
W23010904W13.jpg,blueberry plant,2,0.7807,0.899,0.8787,1,,0.607
W23010904W14.jpg,blueberry bush,1,0.8226,0.7289,0.7936,0,,0.635
W23010904W15.jpg,blueberry bush,1,0.895,0.9592,0.8173,0,,0.6392
