ID,raw_photo,detection_photo,berry-immature,berry-mature,flower,total_detections
W20100703,/mnt/blueberry-fpt/Pauls/2604-Validation-Data/260723-paul-detection-segmentation/paper-plant-selection/raw/W20100703.jpg,/mnt/blueberry-fpt/Pauls/2604-Validation-Data/260723-paul-detection-segmentation/paper-plant-selection/output/./detections/W20100703.jpg,639,7,0,646
W20101006,/mnt/blueberry-fpt/Pauls/2604-Validation-Data/260723-paul-detection-segmentation/paper-plant-selection/raw/W20101006.jpg,/mnt/blueberry-fpt/Pauls/2604-Validation-Data/260723-paul-detection-segmentation/paper-plant-selection/output/./detections/W20101006.jpg,377,1,2,380
W20101105,/mnt/blueberry-fpt/Pauls/2604-Validation-Data/260723-paul-detection-segmentation/paper-plant-selection/raw/W20101105.jpg,/mnt/blueberry-fpt/Pauls/2604-Validation-Data/260723-paul-detection-segmentation/paper-plant-selection/output/./detections/W20101105.jpg,304,19,0,323
W20110607,/mnt/blueberry-fpt/Pauls/2604-Validation-Data/260723-paul-detection-segmentation/paper-plant-selection/raw/W20110607.jpg,/mnt/blueberry-fpt/Pauls/2604-Validation-Data/260723-paul-detection-segmentation/paper-plant-selection/output/./detections/W20110607.jpg,445,0,0,445
W20111302,/mnt/blueberry-fpt/Pauls/2604-Validation-Data/260723-paul-detection-segmentation/paper-plant-selection/raw/W20111302.jpg,/mnt/blueberry-fpt/Pauls/2604-Validation-Data/260723-paul-detection-segmentation/paper-plant-selection/output/./detections/W20111302.jpg,316,0,2,318
W20120705,/mnt/blueberry-fpt/Pauls/2604-Validation-Data/260723-paul-detection-segmentation/paper-plant-selection/raw/W20120705.jpg,/mnt/blueberry-fpt/Pauls/2604-Validation-Data/260723-paul-detection-segmentation/paper-plant-selection/output/./detections/W20120705.jpg,243,11,0,254
W21121104,/mnt/blueberry-fpt/Pauls/2604-Validation-Data/260723-paul-detection-segmentation/paper-plant-selection/raw/W21121104.jpg,/mnt/blueberry-fpt/Pauls/2604-Validation-Data/260723-paul-detection-segmentation/paper-plant-selection/output/./detections/W21121104.jpg,527,2,1,530
W21122002,/mnt/blueberry-fpt/Pauls/2604-Validation-Data/260723-paul-detection-segmentation/paper-plant-selection/raw/W21122002.jpg,/mnt/blueberry-fpt/Pauls/2604-Validation-Data/260723-paul-detection-segmentation/paper-plant-selection/output/./detections/W21122002.jpg,257,1,0,258
W21131302,/mnt/blueberry-fpt/Pauls/2604-Validation-Data/260723-paul-detection-segmentation/paper-plant-selection/raw/W21131302.jpg,/mnt/blueberry-fpt/Pauls/2604-Validation-Data/260723-paul-detection-segmentation/paper-plant-selection/output/./detections/W21131302.jpg,313,5,0,318
W21131702,/mnt/blueberry-fpt/Pauls/2604-Validation-Data/260723-paul-detection-segmentation/paper-plant-selection/raw/W21131702.jpg,/mnt/blueberry-fpt/Pauls/2604-Validation-Data/260723-paul-detection-segmentation/paper-plant-selection/output/./detections/W21131702.jpg,340,0,4,344
W22072805,/mnt/blueberry-fpt/Pauls/2604-Validation-Data/260723-paul-detection-segmentation/paper-plant-selection/raw/W22072805.jpg,/mnt/blueberry-fpt/Pauls/2604-Validation-Data/260723-paul-detection-segmentation/paper-plant-selection/output/./detections/W22072805.jpg,26,22,0,48
W22072806,/mnt/blueberry-fpt/Pauls/2604-Validation-Data/260723-paul-detection-segmentation/paper-plant-selection/raw/W22072806.jpg,/mnt/blueberry-fpt/Pauls/2604-Validation-Data/260723-paul-detection-segmentation/paper-plant-selection/output/./detections/W22072806.jpg,28,22,0,50
W22072905,/mnt/blueberry-fpt/Pauls/2604-Validation-Data/260723-paul-detection-segmentation/paper-plant-selection/raw/W22072905.jpg,/mnt/blueberry-fpt/Pauls/2604-Validation-Data/260723-paul-detection-segmentation/paper-plant-selection/output/./detections/W22072905.jpg,177,128,1,306
W22072907,/mnt/blueberry-fpt/Pauls/2604-Validation-Data/260723-paul-detection-segmentation/paper-plant-selection/raw/W22072907.jpg,/mnt/blueberry-fpt/Pauls/2604-Validation-Data/260723-paul-detection-segmentation/paper-plant-selection/output/./detections/W22072907.jpg,141,81,2,224
W22080302,/mnt/blueberry-fpt/Pauls/2604-Validation-Data/260723-paul-detection-segmentation/paper-plant-selection/raw/W22080302.jpg,/mnt/blueberry-fpt/Pauls/2604-Validation-Data/260723-paul-detection-segmentation/paper-plant-selection/output/./detections/W22080302.jpg,13,5,1,19
W22080304,/mnt/blueberry-fpt/Pauls/2604-Validation-Data/260723-paul-detection-segmentation/paper-plant-selection/raw/W22080304.jpg,/mnt/blueberry-fpt/Pauls/2604-Validation-Data/260723-paul-detection-segmentation/paper-plant-selection/output/./detections/W22080304.jpg,17,7,1,25
W22080401,/mnt/blueberry-fpt/Pauls/2604-Validation-Data/260723-paul-detection-segmentation/paper-plant-selection/raw/W22080401.jpg,/mnt/blueberry-fpt/Pauls/2604-Validation-Data/260723-paul-detection-segmentation/paper-plant-selection/output/./detections/W22080401.jpg,27,0,3,30
W22080404,/mnt/blueberry-fpt/Pauls/2604-Validation-Data/260723-paul-detection-segmentation/paper-plant-selection/raw/W22080404.jpg,/mnt/blueberry-fpt/Pauls/2604-Validation-Data/260723-paul-detection-segmentation/paper-plant-selection/output/./detections/W22080404.jpg,18,6,24,48
W22101004,/mnt/blueberry-fpt/Pauls/2604-Validation-Data/260723-paul-detection-segmentation/paper-plant-selection/raw/W22101004.jpg,/mnt/blueberry-fpt/Pauls/2604-Validation-Data/260723-paul-detection-segmentation/paper-plant-selection/output/./detections/W22101004.jpg,382,102,1,485
W22101006,/mnt/blueberry-fpt/Pauls/2604-Validation-Data/260723-paul-detection-segmentation/paper-plant-selection/raw/W22101006.jpg,/mnt/blueberry-fpt/Pauls/2604-Validation-Data/260723-paul-detection-segmentation/paper-plant-selection/output/./detections/W22101006.jpg,456,83,1,540
W22101201,/mnt/blueberry-fpt/Pauls/2604-Validation-Data/260723-paul-detection-segmentation/paper-plant-selection/raw/W22101201.jpg,/mnt/blueberry-fpt/Pauls/2604-Validation-Data/260723-paul-detection-segmentation/paper-plant-selection/output/./detections/W22101201.jpg,399,125,0,524
W22101207,/mnt/blueberry-fpt/Pauls/2604-Validation-Data/260723-paul-detection-segmentation/paper-plant-selection/raw/W22101207.jpg,/mnt/blueberry-fpt/Pauls/2604-Validation-Data/260723-paul-detection-segmentation/paper-plant-selection/output/./detections/W22101207.jpg,171,63,0,234
W22101506,/mnt/blueberry-fpt/Pauls/2604-Validation-Data/260723-paul-detection-segmentation/paper-plant-selection/raw/W22101506.jpg,/mnt/blueberry-fpt/Pauls/2604-Validation-Data/260723-paul-detection-segmentation/paper-plant-selection/output/./detections/W22101506.jpg,355,90,0,445
W22101712,/mnt/blueberry-fpt/Pauls/2604-Validation-Data/260723-paul-detection-segmentation/paper-plant-selection/raw/W22101712.jpg,/mnt/blueberry-fpt/Pauls/2604-Validation-Data/260723-paul-detection-segmentation/paper-plant-selection/output/./detections/W22101712.jpg,270,28,0,298
W22110202,/mnt/blueberry-fpt/Pauls/2604-Validation-Data/260723-paul-detection-segmentation/paper-plant-selection/raw/W22110202.jpg,/mnt/blueberry-fpt/Pauls/2604-Validation-Data/260723-paul-detection-segmentation/paper-plant-selection/output/./detections/W22110202.jpg,47,5,0,52
W22110306,/mnt/blueberry-fpt/Pauls/2604-Validation-Data/260723-paul-detection-segmentation/paper-plant-selection/raw/W22110306.jpg,/mnt/blueberry-fpt/Pauls/2604-Validation-Data/260723-paul-detection-segmentation/paper-plant-selection/output/./detections/W22110306.jpg,107,36,9,152
W22110406,/mnt/blueberry-fpt/Pauls/2604-Validation-Data/260723-paul-detection-segmentation/paper-plant-selection/raw/W22110406.jpg,/mnt/blueberry-fpt/Pauls/2604-Validation-Data/260723-paul-detection-segmentation/paper-plant-selection/output/./detections/W22110406.jpg,86,53,6,145
W22110708,/mnt/blueberry-fpt/Pauls/2604-Validation-Data/260723-paul-detection-segmentation/paper-plant-selection/raw/W22110708.jpg,/mnt/blueberry-fpt/Pauls/2604-Validation-Data/260723-paul-detection-segmentation/paper-plant-selection/output/./detections/W22110708.jpg,87,43,0,130
W22110905,/mnt/blueberry-fpt/Pauls/2604-Validation-Data/260723-paul-detection-segmentation/paper-plant-selection/raw/W22110905.jpg,/mnt/blueberry-fpt/Pauls/2604-Validation-Data/260723-paul-detection-segmentation/paper-plant-selection/output/./detections/W22110905.jpg,225,67,0,292
W22111307,/mnt/blueberry-fpt/Pauls/2604-Validation-Data/260723-paul-detection-segmentation/paper-plant-selection/raw/W22111307.jpg,/mnt/blueberry-fpt/Pauls/2604-Validation-Data/260723-paul-detection-segmentation/paper-plant-selection/output/./detections/W22111307.jpg,577,40,0,617
W22120307,/mnt/blueberry-fpt/Pauls/2604-Validation-Data/260723-paul-detection-segmentation/paper-plant-selection/raw/W22120307.jpg,/mnt/blueberry-fpt/Pauls/2604-Validation-Data/260723-paul-detection-segmentation/paper-plant-selection/output/./detections/W22120307.jpg,372,99,0,471
W22120401,/mnt/blueberry-fpt/Pauls/2604-Validation-Data/260723-paul-detection-segmentation/paper-plant-selection/raw/W22120401.jpg,/mnt/blueberry-fpt/Pauls/2604-Validation-Data/260723-paul-detection-segmentation/paper-plant-selection/output/./detections/W22120401.jpg,129,47,2,178
W22120403,/mnt/blueberry-fpt/Pauls/2604-Validation-Data/260723-paul-detection-segmentation/paper-plant-selection/raw/W22120403.jpg,/mnt/blueberry-fpt/Pauls/2604-Validation-Data/260723-paul-detection-segmentation/paper-plant-selection/output/./detections/W22120403.jpg,254,58,0,312
W22120501,/mnt/blueberry-fpt/Pauls/2604-Validation-Data/260723-paul-detection-segmentation/paper-plant-selection/raw/W22120501.jpg,/mnt/blueberry-fpt/Pauls/2604-Validation-Data/260723-paul-detection-segmentation/paper-plant-selection/output/./detections/W22120501.jpg,352,58,1,411
W22120607,/mnt/blueberry-fpt/Pauls/2604-Validation-Data/260723-paul-detection-segmentation/paper-plant-selection/raw/W22120607.jpg,/mnt/blueberry-fpt/Pauls/2604-Validation-Data/260723-paul-detection-segmentation/paper-plant-selection/output/./detections/W22120607.jpg,205,17,0,222
W22120709,/mnt/blueberry-fpt/Pauls/2604-Validation-Data/260723-paul-detection-segmentation/paper-plant-selection/raw/W22120709.jpg,/mnt/blueberry-fpt/Pauls/2604-Validation-Data/260723-paul-detection-segmentation/paper-plant-selection/output/./detections/W22120709.jpg,107,50,1,158
W22121104,/mnt/blueberry-fpt/Pauls/2604-Validation-Data/260723-paul-detection-segmentation/paper-plant-selection/raw/W22121104.jpg,/mnt/blueberry-fpt/Pauls/2604-Validation-Data/260723-paul-detection-segmentation/paper-plant-selection/output/./detections/W22121104.jpg,65,60,1,126
W22121210,/mnt/blueberry-fpt/Pauls/2604-Validation-Data/260723-paul-detection-segmentation/paper-plant-selection/raw/W22121210.jpg,/mnt/blueberry-fpt/Pauls/2604-Validation-Data/260723-paul-detection-segmentation/paper-plant-selection/output/./detections/W22121210.jpg,290,30,11,331
W22121303,/mnt/blueberry-fpt/Pauls/2604-Validation-Data/260723-paul-detection-segmentation/paper-plant-selection/raw/W22121303.jpg,/mnt/blueberry-fpt/Pauls/2604-Validation-Data/260723-paul-detection-segmentation/paper-plant-selection/output/./detections/W22121303.jpg,172,60,0,232
W22130314,/mnt/blueberry-fpt/Pauls/2604-Validation-Data/260723-paul-detection-segmentation/paper-plant-selection/raw/W22130314.jpg,/mnt/blueberry-fpt/Pauls/2604-Validation-Data/260723-paul-detection-segmentation/paper-plant-selection/output/./detections/W22130314.jpg,188,66,2,256
W22130511,/mnt/blueberry-fpt/Pauls/2604-Validation-Data/260723-paul-detection-segmentation/paper-plant-selection/raw/W22130511.jpg,/mnt/blueberry-fpt/Pauls/2604-Validation-Data/260723-paul-detection-segmentation/paper-plant-selection/output/./detections/W22130511.jpg,306,74,1,381
W22130902,/mnt/blueberry-fpt/Pauls/2604-Validation-Data/260723-paul-detection-segmentation/paper-plant-selection/raw/W22130902.jpg,/mnt/blueberry-fpt/Pauls/2604-Validation-Data/260723-paul-detection-segmentation/paper-plant-selection/output/./detections/W22130902.jpg,469,43,0,512
W22131004,/mnt/blueberry-fpt/Pauls/2604-Validation-Data/260723-paul-detection-segmentation/paper-plant-selection/raw/W22131004.jpg,/mnt/blueberry-fpt/Pauls/2604-Validation-Data/260723-paul-detection-segmentation/paper-plant-selection/output/./detections/W22131004.jpg,59,38,0,97
W22131301,/mnt/blueberry-fpt/Pauls/2604-Validation-Data/260723-paul-detection-segmentation/paper-plant-selection/raw/W22131301.jpg,/mnt/blueberry-fpt/Pauls/2604-Validation-Data/260723-paul-detection-segmentation/paper-plant-selection/output/./detections/W22131301.jpg,393,110,0,503
W23011106,/mnt/blueberry-fpt/Pauls/2604-Validation-Data/260723-paul-detection-segmentation/paper-plant-selection/raw/W23011106.jpg,/mnt/blueberry-fpt/Pauls/2604-Validation-Data/260723-paul-detection-segmentation/paper-plant-selection/output/./detections/W23011106.jpg,347,26,0,373
W23011108,/mnt/blueberry-fpt/Pauls/2604-Validation-Data/260723-paul-detection-segmentation/paper-plant-selection/raw/W23011108.jpg,/mnt/blueberry-fpt/Pauls/2604-Validation-Data/260723-paul-detection-segmentation/paper-plant-selection/output/./detections/W23011108.jpg,221,6,0,227
W23021108,/mnt/blueberry-fpt/Pauls/2604-Validation-Data/260723-paul-detection-segmentation/paper-plant-selection/raw/W23021108.jpg,/mnt/blueberry-fpt/Pauls/2604-Validation-Data/260723-paul-detection-segmentation/paper-plant-selection/output/./detections/W23021108.jpg,700,8,0,708
W23041207,/mnt/blueberry-fpt/Pauls/2604-Validation-Data/260723-paul-detection-segmentation/paper-plant-selection/raw/W23041207.jpg,/mnt/blueberry-fpt/Pauls/2604-Validation-Data/260723-paul-detection-segmentation/paper-plant-selection/output/./detections/W23041207.jpg,939,17,0,956
W24022702,/mnt/blueberry-fpt/Pauls/2604-Validation-Data/260723-paul-detection-segmentation/paper-plant-selection/raw/W24022702.jpg,/mnt/blueberry-fpt/Pauls/2604-Validation-Data/260723-paul-detection-segmentation/paper-plant-selection/output/./detections/W24022702.jpg,71,19,2,92
W24030104,/mnt/blueberry-fpt/Pauls/2604-Validation-Data/260723-paul-detection-segmentation/paper-plant-selection/raw/W24030104.jpg,/mnt/blueberry-fpt/Pauls/2604-Validation-Data/260723-paul-detection-segmentation/paper-plant-selection/output/./detections/W24030104.jpg,99,28,0,127
W24031604,/mnt/blueberry-fpt/Pauls/2604-Validation-Data/260723-paul-detection-segmentation/paper-plant-selection/raw/W24031604.jpg,/mnt/blueberry-fpt/Pauls/2604-Validation-Data/260723-paul-detection-segmentation/paper-plant-selection/output/./detections/W24031604.jpg,299,28,1,328
W24042701,/mnt/blueberry-fpt/Pauls/2604-Validation-Data/260723-paul-detection-segmentation/paper-plant-selection/raw/W24042701.jpg,/mnt/blueberry-fpt/Pauls/2604-Validation-Data/260723-paul-detection-segmentation/paper-plant-selection/output/./detections/W24042701.jpg,89,0,0,89
W24080701,/mnt/blueberry-fpt/Pauls/2604-Validation-Data/260723-paul-detection-segmentation/paper-plant-selection/raw/W24080701.jpg,/mnt/blueberry-fpt/Pauls/2604-Validation-Data/260723-paul-detection-segmentation/paper-plant-selection/output/./detections/W24080701.jpg,231,51,0,282
W24080803,/mnt/blueberry-fpt/Pauls/2604-Validation-Data/260723-paul-detection-segmentation/paper-plant-selection/raw/W24080803.jpg,/mnt/blueberry-fpt/Pauls/2604-Validation-Data/260723-paul-detection-segmentation/paper-plant-selection/output/./detections/W24080803.jpg,103,28,0,131
W24082303,/mnt/blueberry-fpt/Pauls/2604-Validation-Data/260723-paul-detection-segmentation/paper-plant-selection/raw/W24082303.jpg,/mnt/blueberry-fpt/Pauls/2604-Validation-Data/260723-paul-detection-segmentation/paper-plant-selection/output/./detections/W24082303.jpg,353,21,0,374
W2420058,/mnt/blueberry-fpt/Pauls/2604-Validation-Data/260723-paul-detection-segmentation/paper-plant-selection/raw/W2420058.jpg,/mnt/blueberry-fpt/Pauls/2604-Validation-Data/260723-paul-detection-segmentation/paper-plant-selection/output/./detections/W2420058.jpg,21,9,0,30
W2420073,/mnt/blueberry-fpt/Pauls/2604-Validation-Data/260723-paul-detection-segmentation/paper-plant-selection/raw/W2420073.jpg,/mnt/blueberry-fpt/Pauls/2604-Validation-Data/260723-paul-detection-segmentation/paper-plant-selection/output/./detections/W2420073.jpg,41,4,0,45
W2423004,/mnt/blueberry-fpt/Pauls/2604-Validation-Data/260723-paul-detection-segmentation/paper-plant-selection/raw/W2423004.jpg,/mnt/blueberry-fpt/Pauls/2604-Validation-Data/260723-paul-detection-segmentation/paper-plant-selection/output/./detections/W2423004.jpg,312,0,0,312
W2423006,/mnt/blueberry-fpt/Pauls/2604-Validation-Data/260723-paul-detection-segmentation/paper-plant-selection/raw/W2423006.jpg,/mnt/blueberry-fpt/Pauls/2604-Validation-Data/260723-paul-detection-segmentation/paper-plant-selection/output/./detections/W2423006.jpg,259,0,0,259
W22101609,/home/usman/Downloads/Test/W22101609.jpg,/home/usman/Downloads/Test/output/./detections/W22101609.jpg,58,6,0,64